ID;Раздел;Статус;Решение или вопрос;Раздел мастер-документа
SRC-01;Основа;УТВЕРЖДЕНО;Только оригинальный NekoFlash-main-legacy.zip как контрольная база проверенного кода;1
SRC-02;Исходник;ПРОВЕРЕНО;"SHA-256 74fe6f49fe466b15a2cd5b36e141c208823b4ef9e7a42ea96e0d5647b9c9d5b3; версия 6.0.0-alpha11";1
SRC-03;Репозиторий;ФАКТ;"Ранее экспериментальный Ncorror/NekoFlash-2.0 удалён; не считать существующим";1
SRC-04;Граница статуса;УТВЕРЖДЕНО;Не выдавать проектный макет за внедрённую и проверенную Android-функцию;1,10
UI-01;Тема;УТВЕРЖДЕНО;Тёмная, фирменный оранжевый акцент, лёгкие прозрачные поля, без тестового мусора;2.1
UI-02;Inset;УТВЕРЖДЕНО;Не перекрывать системную навигацию, клавиатуру, статус-бар;2.1
UI-03;Welcome-artwork;УТВЕРЖДЕНО;Исходную иллюстрацию сохранять неизменной;2.2
UI-04;Welcome-flow;УТВЕРЖДЕНО;"Холодный старт; одна кнопка «Войти в NekoFlash»; без obligatory onboarding/storage gate";2.2
UI-05;Навигация;УТВЕРЖДЕНО;Ровно 5 вкладок: Главная / Прошивка / ADB / Unlock / Настройки;2.3
USB-01;USB-панель;УТВЕРЖДЕНО;Постоянная верхняя цветная панель с автоматически определяемым режимом;2.4
USB-02;USB-режимы;УТВЕРЖДЕНО;"ADB System/Recovery/Sideload; Fastboot/Fastbootd; unknown/authorization/disconnected/error";2.4
USB-03;USB-шторка;УТВЕРЖДЕНО;Тап показывает технические детали и выбор устройства, обновление и диагностику;2.4
USB-04;Ручной режим;ЗАПРЕЩЕНО;Не добавлять ручной переключатель USB-режима в рабочую панель;2.4
HOME-01;Главная;УТВЕРЖДЕНО;Только информация об устройстве, без операций и истории;3
HOME-02;Карточка;УТВЕРЖДЕНО;"Фото слева; модель+краткие спецификации справа; ниже codename, Android, bootloader, slot";3
HOME-03;Секции;УТВЕРЖДЕНО;Два независимых блока «Расширенная информация» и «Характеристики модели»;3
HOME-04;Актуальность;УТВЕРЖДЕНО;"Actual/last-known/unavailable; не угадывать факты; offline fallback";3
HOME-05;Каталог данных;ОТКРЫТО;Конкретные фото, лицензирование и источник офлайн-каталога моделей ещё не утверждены;3,7
TERM-01;Вход в терминал;УТВЕРЖДЕНО;"Иконка справа от USB-панели; доступна на всех вкладках";4
TERM-02;Область;УТВЕРЖДЕНО;Полноэкранный рабочий терминал, назад в предыдущую вкладку, без шестой вкладки;4
TERM-03;Ввод;УТВЕРЖДЕНО;Ввод, paste, IME, resize, большой viewport;4
TERM-04;Host/PTy;УТВЕРЖДЕНО;"HOST CLI по умолчанию; PTY по явному adb shell";4
TERM-05;Центр операций;ЗАПРЕЩЕНО;Из терминала не открывать Центр операций ни для каких команд;4
OP-01;Центр операций;УТВЕРЖДЕНО;"Контекстное окно только для GUI-длительных задач; не на Главной";5.1
OP-02;Композиция;УТВЕРЖДЕНО;Заголовок, этап, реальные проценты/байты/скорость, Подробности, Свернуть/контекстная остановка;5.2
OP-03;Preview;УТВЕРЖДЕНО;Подробности с внутренней прокруткой и фиксированной высотой около 100–120 dp;5.2
OP-04;Мульти-режим;УТВЕРЖДЕНО;ADB System/Recovery/Sideload/Fastboot/Fastbootd используют единый дизайн с реальными стадиями;5.2
OP-05;Процент;УТВЕРЖДЕНО;"Не показывать выдуманный прогресс; 100% отправки не означает OKAY записи";5.2
OP-06;Плавающий индикатор;УТВЕРЖДЕНО;"Один индикатор над нижней навигацией; раскрытие по нажатию";5.3
OP-07;Несколько задач;УТВЕРЖДЕНО_ПРИНЦИП;"Не плодить плавающие значки; счётчик/список операций в одном месте";5.3
OP-08;USB-owner;УТВЕРЖДЕНО;Одна конкурирующая операция на один transport owner;5.4
OP-09;USB-очередь;УТВЕРЖДЕНО;Если занят канал, спрашивать «В очередь» / «Не запускать», не добавлять автоматически;5.4
OP-10;Ошибки очереди;УТВЕРЖДЕНО;После аварий и неопределённого результата очередь на паузе;5.4
OP-11;Лимиты очереди;ЗАПРЕЩЕНО;Не возвращать искусственный лимит 32 задач;5.4
OP-12;Отмена;УТВЕРЖДЕНО;Контекстная остановка без ложного мгновенного cancel при фактической записи раздела;5.5
OP-13;Свернуть/Закрыть;УТВЕРЖДЕНО;Не должно отменять выполняющуюся USB-операцию;5.5
BG-01;Экран включён;УТВЕРЖДЕНО;При активной длительной операции и видимом приложении держать экран включённым;5.6
BG-02;Блокировка;УТВЕРЖДЕНО;При ручной блокировке/сворачивании продолжать через foreground, если Android разрешает;5.6
BG-03;Уведомление;УТВЕРЖДЕНО;"Результат и открыть отчёт; без звука/вибрации по умолчанию";5.6
BG-04;Снижение яркости;НЕ СОГЛАСОВАНО;Есть в legacy, но пользователь не утвердил снижение яркости при прошивке;5.6,7
USB-05;Штатная смена;УТВЕРЖДЕНО;"Auto-detect нового USB-режима; не повторять команду reboot";5.7
USB-06;Обрыв ADB;УТВЕРЖДЕНО;Фиксировать неполную передачу и текущие байты;5.7
USB-07;Fastboot BROKEN;УТВЕРЖДЕНО;Не повторять неопределённую DATA/Flash, не использовать сломанную сессию;5.7
USB-08;Native USBFS;УТВЕРЖДЕНО;URB drain/poison инварианты, reset только узко по legacy;5.7
USB-09;Sideload;УТВЕРЖДЕНО;VERIFY_PENDING до подтверждения Recovery;5.7
OUT-01;Исходы;УТВЕРЖДЕНО;SUCCESS / FAILED / CANCELLED / VERIFY_PENDING;5.8
OUT-02;Частичный результат;УТВЕРЖДЕНО;"N из M при массовой прошивке; не запущенные не помечать провалом";5.8
OUT-03;Recovery verdict;УТВЕРЖДЕНО;Подтверждение должно обновлять состояние/окно/историю/уведомление;5.8
MF-01;Массовая прошивка;УТВЕРЖДЕНО;"Последовательно; первая ошибка останавливает всю пачку";5.9
MF-02;Продолжать при ошибках;ЗАПРЕЩЕНО;Не добавлять режим continue-on-error или автоматический rollback/retry;5.9
MF-03;GUI пакет;УТВЕРЖДЕНО;"Экран массовой прошивки: управляемый список раздел→образ, сортировка вручную, выполнить строго сверху вниз; без шаблонов/дублей";7.1
LOG-01;Местоположение;УТВЕРЖДЕНО;"Настройки → История и отчёты; из окна результата быстрый переход; не на Главной";5.10
LOG-02;Полнота;УТВЕРЖДЕНО;COMPACT/TRACE, полные события/ошибки/ответы без искусственного усечения;5.10
LOG-03;Автоудаление;ЗАПРЕЩЕНО;Никакого тихого удаления логов по размеру, возрасту или количеству;5.10
LOG-04;Экспорт;УТВЕРЖДЕНО;TXT/JSON/ZIP, потоково, без artificial file size caps;5.10
LOG-05;Безопасная копия;УТВЕРЖДЕНО;"Отдельная sanitized копия для отправки; оригинал для диагностики";5.10
LOG-06;Отдельный полный журнал;НЕ СОГЛАСОВАНО;Полный архив утверждён, отдельный fullscreen viewer не был явно утверждён;5.10,7
QF-01;Экран;УТВЕРЖДЕНО_ЗАМОРОЖЕНО;Быстрая прошивка: раздел, образ, слот, цель, Прошить, отдельная Перезагрузка;6
QF-02;Recovery;УТВЕРЖДЕНО;"Recovery равноправен прочим разделам; не выделять особо";6
QF-03;Имя раздела;УТВЕРЖДЕНО;Стандартные и произвольные разделы, точное имя пользователя сохраняется;6
QF-04;Слоты;УТВЕРЖДЕНО;"Текущий/Другой/A/B/Все только когда применимо; без слотов — без суффикса";6
QF-05;Без слотов;УТВЕРЖДЕНО_БЕЗ_НОВОГО_UI;"Прошивка без слотов уже учтена в существующем экране; не создавать ещё один макет";6
QF-06;Ручная перезагрузка;УТВЕРЖДЕНО;Отдельная независимая кнопка Android/Bootloader/Recovery/Fastbootd;6
QF-07;Автоперезагрузка;ЗАПРЕЩЕНО;Никакой автоперезагрузки, ни поля настройки после успешного flash;6.2
QF-08;GUI preflight;ЗАПРЕЩЕНО;Нет отдельного окна предварительной проверки, лишних подтверждений и кнопки проверить план;6.2
QF-09;Технические checks;УТВЕРЖДЕНО;Нужны USB/wire/file integrity внутри двигателя, не GUI preflight;6.2
QF-10;Не менять UI;УТВЕРЖДЕНО;Замороженную компоновку без прямого согласия пользователя не менять;6
OPEN-01;Большие образы;ОТКРЫТО;Проверить Native 90сек и фактическое Fastboot download ограничение около 4GiB;6.3,8
OPEN-02;Файловый picker;ОТКРЫТО;Прямые URI/FD и избежать гигабайтной лишней копии;6.3,7
OPEN-03;ADB интерфейс;ОТКРЫТО;Детальный GUI вкладки ADB ещё не утверждён;7
OPEN-04;Expert Fastboot;УТВЕРЖДЕНО_С_ТЕХНИЧЕСКИМИ_ДОЛГАМИ;"Экран Fastboot-инструментов утвержден (getvar/erase/format/fetch/boot/set_active/logical/update-super); format и fastbootd нуждаются в реализации/верификации";7.2
OPEN-05;Настройки;ОТКРЫТО;Экран Настройки кроме истории ещё не утверждён;7
OPEN-06;Mi Unlock;ОТЛОЖЕНО;Обсуждение Xiaomi auth/wipe/server/verification после остальных функций;7
OPEN-07;Фоновый исполнитель;ТЕХНИЧЕСКИЙ_ДОЛГ;ViewModelScope и ForegroundService ещё надо архитектурно развести без rewrite transport;8
OPEN-08;Фото моделей;ОТКРЫТО;Каталог модели/лицензии изображений/офлайн-режим;3,7
MF-04;Массовая прошивка;УТВЕРЖДЕНО;Порядок только по видимому списку, скрытая сортировка отменена;7.1
MF-05;Массовая прошивка;ЗАПРЕЩЕНО;"Никаких дубликатов одного конкретного раздела; повторное добавление заменяет образ записи";7.1
MF-06;Массовая прошивка;ЗАПРЕЩЕНО;Нет Save/Load отдельных списков, шаблонов или профилей;7.1
FB-01;Fastboot-инструменты;УТВЕРЖДЕНО_ЭКРАН;Отдельный раздел внутри Прошивки, не менять быструю и массовую прошивку;7.2
FB-02;Fastboot-инструменты;УТВЕРЖДЕНО_ЭКРАН;Сведения: getvar all, ключи, ручной ввод;7.2
FB-03;Fastboot-инструменты;УТВЕРЖДЕНО_ЭКРАН;"Разделы: erase, format, fetch, boot; точные имена и файл";7.2
FB-04;Fastboot-инструменты;УТВЕРЖДЕНО_ЭКРАН;Слоты: set_active с проверкой current-slot;7.2
FB-05;Fastboot-инструменты;УТВЕРЖДЕНО_ЭКРАН;Fastbootd: logical create/delete/resize и update-super, по фактической поддержке;7.2
FB-06;Терминал;УТВЕРЖДЕНО;"Raw/OEM/нестандартные команды в полноэкранном терминале; GUI Центр операций от терминала не запускается";7.2
FB-07;Legacy Format;ТЕХНИЧЕСКИЙ_ДОЛГ;Host-side format пока не эквивалентен простой команде format:раздел, исправить до заявления о работоспособности;7.2
FB-08;Legacy Fastbootd;ТЕХНИЧЕСКИЙ_ДОЛГ;Унифицировать reboot:fastboot vs reboot-fastboot по протоколу;7.2
FB-09;Legacy Fetch;ТЕХНИЧЕСКИЙ_ДОЛГ;Неполный fetch/.part не считать успехом, корректно завершать файл;7.2
FB-10;Запрещённые элементы;ЗАПРЕЩЕНО;Никакого нового preflight, автоперезагрузки или лишних подтверждений в Fastboot инструментах;7.2
